label,filename,tempo,beats,chroma_stft,rmse,spectral_centroid,spectral_bandwidth,rolloff,zero_crossing_rate,mfcc1,mfcc2,mfcc3,mfcc4,mfcc5,mfcc6,mfcc7,mfcc8,mfcc9,mfcc10,mfcc11,mfcc12,mfcc13,mfcc14,mfcc15,mfcc16,mfcc17,mfcc18,mfcc19,mfcc20
metal,metal.00088.au,117.4538352,54,0.421571092,0.13330546,1988.120374,1986.988534,4148.191583,0.092420076,-129.7001958,104.0343971,-26.97243989,68.27109825,2.435362887,22.60891199,-12.10019913,17.05473111,-5.673693512,13.6688353,-2.808695196,5.377907515,-3.004200608,2.977995253,-5.836915876,3.937054942,-6.00471591,-1.969018389,2.388182198,-3.851087689
metal,metal.00016.au,92.28515625,45,0.502055322,0.269814312,2743.392811,2140.578901,5129.285651,0.179621741,26.72218285,79.79690749,-52.05214797,51.32346121,-16.35863167,22.01294541,-17.45888871,30.92808431,-15.97478976,16.13073068,-12.1939188,11.30433648,-12.44562776,5.209515854,-7.683314567,10.18118083,-9.718805641,-1.687440238,-7.598618881,-3.925623726
metal,metal.00039.au,117.4538352,58,0.37910799,0.154376537,2099.080808,2061.97441,4450.089758,0.088297274,-99.77207325,102.1377084,-23.66773538,63.08680916,-8.780857915,30.73926683,-9.645269076,14.16789735,0.370553522,13.22905394,-10.09548178,9.198018579,-4.931700296,2.311791475,-7.186961271,-1.090558186,-4.929567965,6.327907225,-5.055334544,-9.302745916
metal,metal.00028.au,135.9991776,67,0.481175463,0.144124016,2789.285147,2247.530238,5345.776008,0.179961875,-28.06344194,84.03672305,-43.71731116,47.99376726,-22.45850077,19.91927783,-25.18520513,24.80383985,-13.12224142,24.67234991,-16.42163466,17.56471124,-15.42140117,8.64151782,-9.953123175,7.075049433,-9.48657559,8.428876216,-3.548050919,2.62707895
metal,metal.00012.au,172.265625,81,0.605022295,0.114323221,2803.257355,2183.197655,5262.659844,0.176912762,-64.08645199,74.5229883,-45.97580763,65.85922672,-14.67555262,23.85604926,-13.78151347,37.76062249,-10.59038137,21.39960836,-9.340638134,17.91786569,-10.79427141,11.3554704,-11.16648391,8.714768704,-8.964144051,3.22773202,-5.749996751,2.419905819
metal,metal.00007.au,151.9990809,71,0.581357066,0.069499709,2939.523998,2522.778213,5806.856553,0.168373132,-108.0669678,65.7705542,-20.83377953,47.55810499,0.861491573,8.988717302,-3.2074423,20.97661981,-10.34152988,7.872308185,-8.122288522,12.04325915,-9.148092283,7.006191351,-8.747400799,5.782763355,-12.36386494,3.441503981,-7.371762224,4.869835167
metal,metal.00071.au,86.1328125,39,0.479849248,0.115336746,2807.988285,2407.516308,5674.107356,0.153805192,-78.61654986,80.88131008,-24.58896005,47.02562336,-23.75077603,27.42290836,-17.42936776,22.27075136,-13.53582049,21.57322612,-11.10146176,15.5852364,-9.705483481,10.52063213,-8.840397798,6.216216951,-4.766730639,4.530719949,-3.429309981,3.165049051
metal,metal.00024.au,112.3471467,54,0.478777875,0.231528431,2410.924797,2227.661613,4950.386732,0.128333691,-16.69096615,94.11435887,-32.80046323,61.50448082,-10.10350615,34.24025913,-11.97703415,28.20916898,-15.3324481,19.3298991,-8.288631737,17.94323372,-7.459646672,12.82847452,-6.191967269,6.391313733,-6.897735168,4.463950098,-4.164200759,4.229553018
metal,metal.00072.au,123.046875,56,0.445083082,0.194362894,2339.897531,2151.905217,4708.129864,0.116827336,-35.19052559,93.967762,-35.19460159,62.80366914,-11.73792666,27.00687128,-10.7725745,24.08470523,-13.05782831,13.60794827,-12.43173519,13.57511257,-12.25980123,5.930392283,-11.9952792,3.315719545,-11.97020245,-1.365741576,-2.406146453,-2.62457165
metal,metal.00061.au,107.6660156,54,0.509240208,0.104636602,2709.682077,2194.661721,5081.660939,0.166440792,-74.08527625,80.10316696,-46.97463785,51.00769501,-9.126116737,31.75385065,-6.363054268,24.84594929,-19.1287689,20.78078343,-11.6600907,13.83768189,-16.4693969,7.737209902,-10.60989698,7.491843572,-10.34845559,4.980703778,-8.205884439,1.228395477
metal,metal.00058.au,143.5546875,69,0.461504509,0.184547812,2459.371553,2221.408983,5024.161286,0.142842296,-15.54217147,99.92737593,-37.42135725,45.80736524,-20.60467718,25.47151282,-18.48304764,26.35151278,-20.00511508,20.97276477,-13.49454862,10.82706874,-15.38725509,3.536341452,-7.572482044,3.7968917,-7.986312458,6.826614008,-1.930972456,3.783103683
metal,metal.00075.au,112.3471467,54,0.448278766,0.244830206,2068.663525,2199.363983,4439.323156,0.088893264,-40.43670514,105.2852856,-14.1214876,54.8562982,-1.186627421,20.0811602,-11.68627375,22.18235041,-10.23630981,14.19989733,-6.911321,13.34774723,-9.257490058,6.935399853,-4.396840402,7.801923748,-7.628498532,0.659428834,-3.965956592,0.001035834
metal,metal.00063.au,129.1992188,63,0.436540198,0.093678169,2463.469918,2037.307332,4547.580835,0.151808606,-93.56055596,89.89053215,-55.89996381,51.63395061,-5.557428084,28.77259887,-13.89056684,27.34860102,-15.31331044,22.82921437,-12.40409439,9.704226046,-19.72926088,-0.781404218,-9.098032449,12.41329904,-5.450602765,4.23904724,-10.86800592,-2.950954546
metal,metal.00076.au,143.5546875,69,0.496368499,0.096948579,2792.558751,2250.687603,5321.676154,0.162540589,-100.8502464,76.13532214,-29.5429072,69.7191627,-17.33765613,21.39999712,-12.92500035,22.006217,-9.843895521,18.42921464,-12.03552829,8.984620723,-20.87544922,-2.69026666,-9.629747732,2.934364715,-7.502213738,0.532556316,-4.96959176,-3.184233729
metal,metal.00049.au,99.38401442,48,0.52438402,0.217600212,2980.152834,2297.374627,5461.750307,0.194024904,10.030086,74.1174856,-32.2374283,62.77840317,-23.3261431,30.03564977,-14.87782,20.1582509,-12.14600256,19.18195361,-14.98037346,18.80698476,-12.27857268,11.28619111,-9.482966683,7.926651343,-5.614872379,4.654807786,-5.285397809,6.828444581
metal,metal.00001.au,151.9990809,77,0.476896884,0.097316682,2922.83855,2620.80896,6036.880162,0.15290157,-80.11874992,64.84520703,-15.46549961,46.8404663,7.911005452,21.76240112,-2.176789258,21.98709358,-7.712606855,11.14554744,-4.287616611,11.4425227,-10.36532788,11.72863204,-7.096006245,5.93095641,-9.025595043,5.507719737,-6.199700648,3.126797239
metal,metal.00043.au,95.703125,44,0.438488566,0.090489402,2683.416292,2126.959532,4972.811597,0.177312987,-110.8342446,83.16401049,-45.23821597,56.58338656,-7.473237983,19.9663983,-13.39085049,21.20250015,-15.7054696,18.07507266,-18.10993922,12.92053245,-17.23035655,3.323245064,-7.572699413,5.862044377,-7.939231563,6.816644259,-5.663005555,1.346065806
metal,metal.00095.au,151.9990809,74,0.529130628,0.185565233,2445.226841,2330.741065,5191.401942,0.121035927,-35.32002928,94.13200025,-24.24881633,43.30171892,-16.37278312,29.51296697,-5.849619312,28.46005297,-13.95453809,13.7368099,-9.196752969,15.5971096,-8.487801347,11.40717314,-6.134499566,9.320327876,-6.612435581,3.502450906,-3.285449515,3.66525555
metal,metal.00023.au,143.5546875,64,0.527229806,0.19535993,2576.04181,2236.932632,5058.086081,0.131787563,-43.70135583,82.75890425,-29.65288434,70.43504352,-21.62734639,31.17619898,2.065071537,28.89808082,-2.691429606,19.91621103,-6.947372514,19.14809193,-7.378656277,7.899673364,-13.8718935,4.065649863,-6.877739243,-1.789166513,1.461093643,4.540863712
metal,metal.00020.au,99.38401442,45,0.495874143,0.117337488,2658.185159,2345.823517,5358.75093,0.152409131,-74.98780036,81.17358027,-20.20027774,68.30433336,-11.34189528,23.66990143,-19.83460634,24.18424586,-13.17605471,22.2858728,-11.55734105,13.55338375,-15.05643184,3.304696745,-10.51233028,5.075106119,-10.68589012,3.868055867,-4.943734949,3.2591165
metal,metal.00048.au,107.6660156,54,0.477058001,0.224555373,2889.402321,2337.701392,5485.533496,0.176609287,9.64532782,76.32257764,-31.26043587,56.87063837,-20.7293656,27.23423838,-16.63223072,19.35723728,-13.90816955,19.65781912,-16.05110443,17.48082042,-12.94234637,11.70942181,-11.17412101,5.468834486,-8.576135611,4.100636186,-4.408341632,8.82576687
metal,metal.00087.au,95.703125,46,0.516697528,0.267330945,3338.733176,2697.057552,6670.784663,0.186813307,22.83955829,60.81022947,-6.407211977,53.19290341,-13.24517199,27.92100776,-14.32003736,29.69002329,-17.33762688,20.315153,-9.740638411,17.13201393,-8.26469527,8.695196543,-10.18616159,8.034179823,-8.116282105,4.918372643,-2.478838694,3.201644284
metal,metal.00008.au,117.4538352,58,0.466587935,0.058411933,2964.606631,2758.403837,6187.337586,0.140559241,-149.9593161,67.90421785,-6.691159615,32.08433328,6.080063434,12.23759641,9.136926119,10.18546415,3.773328567,10.59820743,0.774042052,7.716768232,-1.157726643,-3.302580469,-7.533125013,0.418286618,-4.004878696,1.262340663,1.47977959,5.48296446
metal,metal.00068.au,161.4990234,80,0.463063892,0.098379061,2302.678285,2069.371564,4598.838858,0.130750154,-99.89883734,106.3798126,-40.69681868,52.72129551,-20.75530555,25.28145518,-11.83356046,22.09654138,-12.47686972,13.77475692,-14.38763288,15.97959358,-11.72264473,5.775329127,-9.162231641,3.642686882,-8.893269373,2.383853571,-3.687260276,0.161724187
metal,metal.00040.au,107.6660156,54,0.509240208,0.104636602,2709.682077,2194.661721,5081.660939,0.166440792,-74.08527625,80.10316696,-46.97463785,51.00769501,-9.126116737,31.75385065,-6.363054268,24.84594929,-19.1287689,20.78078343,-11.6600907,13.83768189,-16.4693969,7.737209902,-10.60989698,7.491843572,-10.34845559,4.980703778,-8.205884439,1.228395477
metal,metal.00035.au,117.4538352,55,0.501569949,0.270837665,2836.878851,2339.346208,5615.007713,0.162805138,13.50172958,78.02856731,-32.99835917,55.55169711,-9.959710809,35.4191544,-17.6395058,29.05649392,-11.25478118,14.00425329,-10.10164489,16.52933099,-8.492013511,5.922468602,-11.87934085,6.448841093,-11.16201673,-0.195944112,-2.185811958,1.389247586
metal,metal.00014.au,151.9990809,75,0.552581055,0.077593289,2877.354754,2101.123336,5198.2769,0.185307647,-117.8922647,65.44287877,-51.43812466,74.11085523,-13.76004805,25.75372931,-13.13751758,32.22947681,-10.34354953,21.71351658,-7.800713996,12.35159191,-14.44946018,5.789588594,-13.26216386,4.566773569,-11.39590315,-0.664417562,-4.569067384,-0.214437766
metal,metal.00064.au,95.703125,44,0.438488566,0.090489402,2683.416292,2126.959532,4972.811597,0.177312987,-110.8342446,83.16401049,-45.23821597,56.58338656,-7.473237983,19.9663983,-13.39085049,21.20250015,-15.7054696,18.07507266,-18.10993922,12.92053245,-17.23035655,3.323245064,-7.572699413,5.862044377,-7.939231563,6.816644259,-5.663005555,1.346065806
metal,metal.00066.au,61.5234375,26,0.429974584,0.088072859,2389.388002,2027.322117,4448.231435,0.144281818,-135.4837241,93.3676327,-43.31212843,59.22017753,-8.514010739,20.9433827,-6.523477548,21.89098866,-18.96372751,17.04843234,-15.88138121,11.08149563,-18.48351221,-0.826451382,-5.617231715,4.660635527,-8.736258493,2.113763095,-8.560464808,0.212518015
metal,metal.00092.au,117.4538352,58,0.341978329,0.16635336,2090.279599,2065.161053,4393.148435,0.093329368,-67.86928778,108.9478338,-33.85133925,50.51356647,-21.37720908,21.51072934,-14.89035075,11.64552018,-19.26887361,10.54746573,-13.9256115,5.568095739,-14.43955202,1.998148272,-14.66456793,-3.021550679,-13.95692011,-2.07867295,-9.062591077,-7.542774882
metal,metal.00078.au,99.38401442,47,0.533625514,0.269563198,2815.482378,2548.163574,5898.381,0.131865416,-1.621219809,73.40151816,-15.89471135,55.79967138,-1.918558466,34.02117687,-8.332548518,32.76469051,-9.719240752,20.83371053,-9.038437185,13.95611705,-9.593702957,4.965017039,-6.623325327,6.480207005,-6.447502127,2.232796148,-3.007927361,1.989321014
metal,metal.00027.au,129.1992188,61,0.474766098,0.165123165,2398.363299,2218.752006,4866.770571,0.128309126,-36.43336457,94.79724967,-36.60889661,55.00406121,-8.236721018,29.68756718,-13.68782869,28.72144505,-11.99545126,19.36720526,-15.66749446,13.9378787,-11.97967903,7.541307019,-11.91918878,5.48054608,-9.272558896,6.183553025,-4.303769579,1.833707513
metal,metal.00041.au,117.4538352,58,0.456040406,0.097612388,2269.141394,1928.799479,4186.416352,0.137381255,-100.4002208,104.6915892,-57.2584386,56.59210826,-5.540047606,22.83627769,-6.168935377,23.09327143,-19.07056609,17.79603594,-13.76460725,9.96310448,-14.84963335,0.346065892,-7.327095271,6.979447539,-12.66492436,-0.557886871,-11.75546879,-1.539930171
metal,metal.00084.au,151.9990809,70,0.480456611,0.229881033,2522.639211,2276.008224,5089.835889,0.138584952,0.323540204,94.1615103,-32.39128525,45.45803659,-15.21105406,25.88682409,-12.41204082,19.62697846,-6.810760937,17.24172704,-12.9950036,13.68450641,-8.694755794,6.842980849,-8.357921188,4.986183573,-4.341409058,4.792892762,-4.180146059,2.552645267
metal,metal.00010.au,184.5703125,94,0.541847119,0.118158184,3048.391495,2358.808568,5662.39076,0.196540384,-58.70028986,70.56062381,-19.4260446,73.60168084,-27.77086226,23.76347858,-17.90904998,21.23208657,-16.95049337,16.1423382,-15.23160245,14.87454874,-18.7126385,11.31126751,-14.64285511,4.31118723,-12.72588775,1.171770985,-8.019719141,0.925615617
metal,metal.00052.au,161.4990234,77,0.533731873,0.239925891,2716.891207,2208.863893,5122.769023,0.162218974,4.041300929,83.26334111,-37.24845671,62.32266094,-14.84252609,23.39091085,-10.45407785,16.77860135,-7.934512984,16.28923072,-11.24580422,13.31032583,-7.810718777,6.416139601,-5.471479796,4.671664278,-5.136992258,3.020126141,-2.769059997,3.81187177
metal,metal.00019.au,112.3471467,54,0.555233165,0.100895815,2699.573852,2324.221639,5385.359102,0.161506582,-89.30463168,82.35816461,-23.25856974,68.11301118,-13.08817705,22.45535452,-18.53014363,26.23466574,-14.36078419,21.50517278,-13.88080841,12.48419501,-14.12172824,3.758210788,-10.11744529,5.40397403,-11.11848049,2.686799773,-5.690470083,3.097618709
metal,metal.00051.au,107.6660156,53,0.516928362,0.226259053,3401.373582,2458.739616,6164.037727,0.228470274,9.649783136,54.65885011,-21.02576155,60.16215893,-21.06683779,32.13900583,-15.82759552,21.45735781,-8.715916786,19.36052625,-12.38373155,19.74482589,-10.80367529,12.30830109,-8.375087528,8.236605178,-7.081944915,4.328265611,-7.336207869,6.024454837
metal,metal.00083.au,117.4538352,57,0.4574255,0.208726391,2340.616119,2140.258416,4715.679818,0.122913467,-29.33544702,101.9095093,-29.13677278,69.74258123,-16.1986227,19.45050585,-18.34613783,19.08239092,-18.29519159,15.28762512,-8.25691668,2.496393791,-14.8015606,4.616678171,-12.24906249,5.2750819,-10.69038408,6.417646101,-6.411429445,-7.01103685
metal,metal.00018.au,99.38401442,50,0.555542549,0.118441105,2291.228694,1583.389517,3884.859842,0.180317882,-76.34904974,123.2951277,-89.90114231,76.44932783,-21.26861082,22.30316585,-13.65309529,14.64733163,-6.324857383,9.921845206,-3.924472501,5.402770894,-2.487086949,5.040151911,-2.983725903,5.110502586,-4.38412018,-1.286540277,3.086148492,0.176512585
metal,metal.00015.au,172.265625,85,0.485037105,0.110982768,2986.705162,2459.025706,5818.223151,0.169265416,-76.75261917,68.00261451,-11.24113548,76.3658316,-17.46819602,25.33577769,-17.89873814,20.36646758,-21.41430912,14.21705469,-15.76772418,12.51948631,-18.50501794,10.83152347,-13.69864297,4.864020496,-11.97666054,1.647740404,-7.643868964,2.225926342
metal,metal.00017.au,107.6660156,53,0.580973799,0.113806404,2656.261186,2337.322966,5326.034461,0.158775684,-75.48278082,81.90181542,-22.073013,69.86959632,-11.73225214,25.73553233,-18.51061403,27.01992612,-14.08202027,22.12734855,-12.1025486,14.94456084,-13.52200318,5.809960493,-10.14873886,6.778678725,-10.48119502,4.37056359,-5.462919963,2.967080851
metal,metal.00094.au,161.4990234,77,0.40692498,0.090518445,2707.499443,2235.037778,5291.984667,0.160912481,-104.6597687,87.73439866,-33.24418236,48.45842066,-28.92247733,22.51829659,-24.99239132,20.5355089,-12.07937869,18.25510308,-15.19093471,10.29638729,-13.89542511,10.28922449,-4.698806558,9.939768177,-5.625998686,4.788623202,-11.68006063,2.959149474
metal,metal.00038.au,95.703125,46,0.470335178,0.145904064,2690.639988,2118.400354,5087.9859,0.148327901,-122.2113738,62.29178029,-34.48396778,75.66247948,6.270904355,22.03944218,-10.96418301,23.24409554,-12.28872741,5.622641929,-6.985313175,5.627326037,-14.40014203,-0.469410572,-11.28759055,2.136718916,-7.715387012,-2.721406056,0.869720257,-5.321523696
metal,metal.00082.au,123.046875,59,0.513206393,0.131640673,2378.33575,2092.452603,4748.546286,0.141317362,-57.65146731,101.429621,-41.48079559,55.12906562,-23.34441999,28.14938593,-12.13746981,18.14685703,-15.42795922,11.88621141,-10.80115052,9.393497759,-12.27917172,4.810600429,-12.40283884,5.427582767,-8.842819833,0.053211944,-3.18598408,-3.365668736
metal,metal.00098.au,151.9990809,73,0.510064298,0.139042124,2241.314038,2115.70265,4490.464513,0.115764984,-95.31152206,92.06945252,-28.05786943,52.80028995,-3.014750848,25.40271605,-6.131412052,20.09963355,-10.22288726,12.41164579,-8.268730453,11.6974749,-9.26478391,2.808078478,-4.432126278,5.501776947,-6.275821628,3.836043959,-0.416936312,4.665855866
metal,metal.00022.au,135.9991776,67,0.36987195,0.198840678,2218.426022,2226.139315,4779.537765,0.106983102,-45.81094898,108.0110061,-11.73641986,66.32145634,-30.20686891,9.229594024,-25.77226781,21.87352358,-17.92517479,10.27505563,-14.11693957,18.7437678,-14.23896351,-2.240044575,-5.779498213,-5.866957122,-2.544670147,1.477905657,-5.617934517,-2.820268661
metal,metal.00067.au,135.9991776,66,0.469079028,0.136291787,2254.281419,2070.683812,4380.923509,0.120158759,-82.48741784,97.36657041,-34.39471824,71.42543972,-3.298375169,17.38489156,-9.035178624,16.02367424,-19.0154814,12.08615627,-9.577405596,13.95964951,-14.46578794,7.95975974,-7.127896602,5.176798656,-7.204438908,0.669518901,-4.83371818,-2.107543983
metal,metal.00025.au,135.9991776,68,0.465477533,0.100494795,2384.674283,2073.141137,4584.797276,0.126103168,-120.1157627,91.29828416,-38.80734332,75.01882604,-3.82275814,22.68286321,-8.135879128,23.66944296,-14.65254313,13.37566601,-9.416917808,13.71695894,-9.322087041,3.59186988,-11.86271853,1.033075536,-10.71901618,-3.237468916,-3.471478186,-4.570303334
metal,metal.00044.au,117.4538352,57,0.469570902,0.095390365,2760.319304,2242.68406,5260.184859,0.171248776,-86.24609975,76.76620996,-42.36393287,54.00723616,-8.337116595,29.41426849,-7.915784139,26.66466916,-14.24036211,18.47038108,-17.95815741,9.875059345,-19.04113728,6.477010123,-8.357154924,4.880437218,-11.7849156,1.666487675,-10.60468401,-3.778447841
metal,metal.00004.au,135.9991776,67,0.634761669,0.063474722,3403.101905,2825.133742,6902.891592,0.192423629,-107.1036388,47.65554198,-8.620056649,38.40064749,8.461631803,9.544570628,1.017980402,20.74855041,0.716341006,11.78466661,1.165731938,11.06281166,-2.530152361,7.580200968,-4.1970625,7.077186537,-6.621544849,4.543788282,-4.262345172,4.291027512
metal,metal.00073.au,143.5546875,71,0.429968281,0.293483347,2641.943661,2461.02999,5566.633006,0.121342804,2.795474125,77.07847162,-17.56884959,57.97423654,0.727488679,28.83892468,-7.868894952,27.62776405,-13.55697632,17.29408989,-7.584835732,13.04625922,-8.750491897,6.270879686,-8.755109865,5.63694281,-10.76550686,1.735282058,-7.045626873,-1.598930889
metal,metal.00045.au,61.5234375,26,0.429974584,0.088072859,2389.388002,2027.322117,4448.231435,0.144281818,-135.4837241,93.3676327,-43.31212843,59.22017753,-8.514010739,20.9433827,-6.523477548,21.89098866,-18.96372751,17.04843234,-15.88138121,11.08149563,-18.48351221,-0.826451382,-5.617231715,4.660635527,-8.736258493,2.113763095,-8.560464808,0.212518015
metal,metal.00002.au,112.3471467,55,0.432488018,0.1328004,2198.534549,2005.99779,4446.43978,0.128393026,-62.1836217,115.1874116,-42.8045383,54.30019282,-24.87385912,20.12633174,-21.62922993,20.84202215,-8.389678285,20.32417647,-10.72716295,9.662311174,-14.54376393,6.927252409,-7.479272373,5.968113596,-3.471040711,6.574542515,-6.574576172,2.961322331
metal,metal.00056.au,107.6660156,52,0.463511012,0.242997393,3010.816263,2386.851872,5633.374269,0.179328848,12.00208453,69.41508062,-23.26521216,60.70587898,-20.81140583,25.09543831,-16.19376959,15.550598,-10.50177463,18.77107344,-13.38944935,17.366584,-11.05705891,10.26626165,-8.709674853,8.183140175,-4.955763639,5.419009076,-5.493762707,9.0795595
metal,metal.00036.au,143.5546875,68,0.519034345,0.112228036,2685.80336,2317.497411,5331.492761,0.160503187,-71.25189106,82.34192819,-30.17811556,56.47355845,-10.87904419,26.82792826,-15.81630206,25.35448066,-15.62905155,17.78166746,-13.05752402,14.6296921,-14.28291531,9.549378169,-10.37055368,8.107091198,-7.466779508,5.432161888,-4.40529154,3.056814932
metal,metal.00003.au,99.38401442,48,0.487132054,0.150219113,2751.908964,2205.673206,5234.418348,0.166710254,-43.03379031,75.39137936,-47.83638645,53.01821384,-12.332383,36.86907729,-8.279958152,28.40326859,-14.52564821,22.10060011,-7.353391559,15.96937662,-13.13733643,12.25978012,-10.44548503,5.937640151,-6.679900394,5.277037326,-2.329495359,3.591018327
metal,metal.00089.au,151.9990809,73,0.455741403,0.266098589,1443.678582,1726.412512,3286.321795,0.046570013,-90.70756947,128.0520668,-34.78422774,73.78084003,4.324887886,28.10682789,-0.537454156,17.3604736,4.390156922,12.31978916,2.270497903,5.680119092,-6.76561318,-0.474509672,-0.283711939,5.873020758,-3.958958598,-1.296033343,3.513313153,-1.251131046
metal,metal.00054.au,123.046875,59,0.510222321,0.2071082,3114.23161,2411.557479,5829.964747,0.195791711,1.199243825,66.65518322,-23.70753533,60.95357035,-18.8891186,29.75339652,-17.55364169,21.03802952,-11.19874096,18.81080839,-13.07475033,19.95468615,-10.56903855,10.5192614,-9.341683389,8.419336063,-6.66317465,5.008234167,-6.480509664,7.611612155
metal,metal.00042.au,129.1992188,63,0.436540198,0.093678169,2463.469918,2037.307332,4547.580835,0.151808606,-93.56055596,89.89053215,-55.89996381,51.63395061,-5.557428084,28.77259887,-13.89056684,27.34860102,-15.31331044,22.82921437,-12.40409439,9.704226046,-19.72926088,-0.781404218,-9.098032449,12.41329904,-5.450602765,4.23904724,-10.86800592,-2.950954546
metal,metal.00062.au,117.4538352,58,0.456040406,0.097612388,2269.141394,1928.799479,4186.416352,0.137381255,-100.4002208,104.6915892,-57.2584386,56.59210826,-5.540047606,22.83627769,-6.168935377,23.09327143,-19.07056609,17.79603594,-13.76460725,9.96310448,-14.84963335,0.346065892,-7.327095271,6.979447539,-12.66492436,-0.557886871,-11.75546879,-1.539930171
metal,metal.00011.au,161.4990234,77,0.510892566,0.230757013,2699.981625,2240.206887,5157.935477,0.171501608,8.824386328,82.81842516,-30.56101777,66.71164396,-16.3563334,16.56509306,-10.75992891,29.53610189,-25.08790119,16.81693801,-11.39138275,12.78190302,-13.34619947,9.80048276,-14.25420249,9.597671458,-8.031690615,5.184499533,-2.949501312,4.400514346
metal,metal.00099.au,143.5546875,71,0.516368016,0.170202717,2375.812595,2231.960229,4898.745378,0.108006528,-66.64884816,88.34049839,-27.53721959,53.17148121,-9.188599587,27.95517675,-8.101513689,26.28119214,-8.228229547,12.67607301,-7.127550299,13.6762165,-8.358880912,7.963044605,-6.292232723,8.112967052,-4.970684257,6.16191195,0.377701341,2.701730213
metal,metal.00074.au,123.046875,61,0.483494278,0.040853992,2723.615095,2399.633465,5494.966773,0.134972729,-201.1419887,76.82657,-14.83010938,68.75489934,-12.95175548,36.95808917,-10.98067603,23.68878706,-12.25684296,16.67246792,-11.07064035,15.55506263,-11.18711381,10.56635299,-3.894102408,7.072078233,-9.826533567,2.656023188,-9.000193436,-2.225754817
metal,metal.00059.au,99.38401442,48,0.467757473,0.182339147,2442.64558,2103.017884,4728.929738,0.149853969,-15.59405874,99.12901431,-45.62125889,55.02199815,-18.01470206,23.89180103,-19.60362623,27.33603208,-15.09908996,18.79314492,-16.15150322,9.214636055,-16.21847645,5.441158533,-4.657183561,6.279606036,-4.703782747,7.446857552,-5.877116901,-0.692649666
metal,metal.00046.au,117.4538352,57,0.482569238,0.212417796,2795.605722,2321.7172,5455.492011,0.163732192,0.391527144,79.71124531,-30.64729153,61.08997972,-17.46887901,26.70559281,-21.26869385,22.36001534,-13.03134965,17.87939383,-13.3834598,19.26917924,-10.9834274,10.7119039,-9.443187649,7.663677324,-8.697667538,3.176581456,-6.833456273,3.885806765
metal,metal.00013.au,135.9991776,66,0.636204502,0.08632566,3047.823713,2303.532061,5735.940316,0.203604211,-84.88341581,64.64500982,-36.33320226,65.40524655,-13.87463124,22.8801395,-15.57413227,36.29884233,-13.68511103,21.26703495,-9.257032179,19.17856369,-10.61557933,12.31714771,-9.800135083,10.55784426,-9.914851948,5.057371626,-5.345447345,3.806259446
metal,metal.00030.au,129.1992188,65,0.46235461,0.230304211,1525.017127,1867.310692,3500.287168,0.051203016,-77.49790082,130.9347398,-23.32840764,62.03953514,0.903329608,30.54187158,-8.759882621,19.44560298,-2.234671107,13.11034744,-3.302188873,8.943049334,-8.969163888,-0.351999815,-6.034326041,-0.402742919,-6.784364906,-4.387047862,0.982127448,3.985084178
metal,metal.00029.au,123.046875,60,0.440829184,0.089019008,2955.272094,2478.438722,5928.73915,0.163341794,-103.6310592,73.83471187,-16.12619101,53.15586215,-25.09878768,33.99173901,-13.64112245,25.99140283,-18.90614923,18.66905668,-12.77799567,9.544859925,-16.14976103,8.769937985,-12.54560233,5.366168041,-8.111403282,6.669866224,-4.493823795,2.930918329
metal,metal.00077.au,151.9990809,74,0.44091999,0.149154127,2741.118114,2302.1915,5409.383957,0.159984671,-41.99724389,86.98965261,-27.51322491,62.60131599,-27.01343363,32.34272442,-18.94844906,22.13433048,-14.32457621,19.51221079,-10.96556872,16.75425433,-12.39055439,10.51569796,-6.717138151,6.512678382,-9.206379984,6.56805862,-5.783410677,1.328283878
metal,metal.00090.au,89.10290948,42,0.426884734,0.14666678,2141.608766,2217.275314,4682.588352,0.084678248,-93.46632917,100.6594279,-23.37674491,52.50771478,-7.758708683,39.59684964,-7.782870611,26.74177773,-12.48408376,11.74330337,-10.56204753,23.03757057,-9.966015863,4.163810877,-12.80413814,1.793726388,-2.022720713,1.938351139,-9.064211819,-7.048716607
metal,metal.00081.au,151.9990809,73,0.517662289,0.190438434,2138.076591,1970.447962,4200.882931,0.12199057,-19.12074972,118.865284,-52.19394958,42.72664059,-21.59855391,27.71029598,-14.63348027,27.03721582,-17.15271888,18.98138811,-10.77903886,9.396002733,-4.667447987,1.093114036,-5.048572812,4.054932797,-6.419754302,1.997955024,-5.506536163,0.458505547
metal,metal.00057.au,129.1992188,61,0.487653545,0.207259238,2718.557942,2270.732422,5227.301725,0.143773885,-24.88958582,77.53315754,-30.41425709,68.37198852,-6.517985593,24.69533663,-9.804930348,19.51362049,-11.45782616,18.59288467,-14.1584676,14.4499501,-5.917335418,9.076072958,-7.700236258,5.829785507,-6.621861261,2.29072985,-7.49517044,5.760980759
metal,metal.00031.au,135.9991776,67,0.446210875,0.220483363,2566.803635,2408.484762,5444.433745,0.125209371,-12.49990266,91.34081061,-23.09934519,51.00644228,-12.11489597,30.94384589,-15.01643124,23.07850361,-14.30465144,23.07507583,-17.7101085,13.17107963,-15.21749045,3.954798833,-9.10424947,5.558819226,-9.850405609,5.640755596,-7.050747967,1.426897529
metal,metal.00009.au,112.3471467,56,0.527123255,0.312846571,2250.756104,2390.069594,5112.344086,0.094679322,3.666749057,104.7576041,-0.828038935,55.94703787,-29.22759778,31.26124132,-14.19718239,20.21107605,-8.284905711,15.18597936,-14.59123419,15.67037094,-12.99323072,15.28828375,-6.931291721,9.864684239,-6.504297872,4.903822969,-0.781283036,6.459007497
metal,metal.00080.au,161.4990234,78,0.497086151,0.139909044,2848.068677,2497.514081,5930.355807,0.1441212,-73.51254723,74.64779071,-16.4542387,55.67012813,-7.747711415,36.55608878,-18.31417137,27.84494513,-11.94310966,20.07287355,-11.36417245,14.72491066,-7.299467004,9.61249447,-6.759328948,7.899937041,-3.588009269,2.671943769,-5.10670151,3.051508685
metal,metal.00032.au,117.4538352,58,0.436434119,0.136534706,2502.472777,2133.934972,4761.437875,0.148160858,-61.88022447,93.03540128,-39.96747482,56.14966931,-19.68310859,23.38320678,-7.641779171,17.72252244,-19.30431502,17.78416029,-13.094881,14.30307762,-13.07770492,5.450808811,-10.79367263,3.734252485,-10.74691465,1.271905415,-4.611984698,0.337327648
metal,metal.00086.au,123.046875,59,0.434247776,0.088319041,2628.987791,2248.292539,5189.301954,0.159044012,-96.26617649,90.97040428,-32.23252709,54.32943121,-23.03799777,27.69569042,-16.93951769,21.04978736,-18.18538481,22.60053454,-8.988542145,14.26931169,-10.99127349,10.08486061,-11.17588289,5.78052241,-9.891142343,4.393746816,-6.976209717,1.23647346
metal,metal.00085.au,103.359375,49,0.440987757,0.151972875,2646.947344,2256.521273,5304.851256,0.157781359,-46.59923114,86.8183885,-34.78135447,49.91185919,-18.189561,28.73413209,-23.48912006,15.67004241,-8.939400373,10.60657921,-18.18737623,12.45169547,-13.55815897,4.675013573,-11.67720088,5.325622725,-13.55440814,1.375528857,-4.732565528,-3.124151963
metal,metal.00037.au,135.9991776,69,0.395816547,0.112020537,2292.322766,2149.110049,4819.487524,0.123658738,-79.05231412,106.829722,-38.76824149,39.86556514,-26.76554555,32.47456732,-15.02769163,29.71356179,-11.37590708,13.77864532,-14.5052631,16.17595438,-3.068908833,3.570734759,-17.28394723,-2.12823098,-12.57392997,-1.236380912,-1.204883364,9.032868724
metal,metal.00055.au,172.265625,81,0.499052294,0.232558757,3108.569419,2361.342842,5698.957206,0.196925869,10.50009178,63.70748373,-28.42785221,62.59605811,-19.59541634,28.81541417,-15.22511051,19.29462797,-10.68955717,18.85356018,-12.70646858,18.02751261,-10.82088205,12.70492116,-6.116086589,9.252353685,-7.140150119,4.637800198,-6.503521053,7.855254136
metal,metal.00060.au,89.10290948,43,0.540479025,0.125770211,2315.897707,2066.728767,4616.697083,0.13954413,-58.19210704,105.8181195,-43.90234078,58.43763357,-18.43389349,27.96184167,-17.96162209,21.04413312,-15.54494505,13.38868662,-15.68272508,9.360525041,-15.31887982,1.530988018,-5.974558463,2.047316682,-6.814984069,4.211628441,-3.402704407,1.767219542
metal,metal.00053.au,123.046875,59,0.492550105,0.227477133,2907.028574,2374.818108,5519.574957,0.172615736,4.958724038,75.05078876,-24.7300077,57.00510429,-21.77967693,26.03412168,-12.56035011,17.43570786,-10.23477015,18.60110588,-13.01293662,18.95797974,-9.689842118,11.35857339,-7.26311743,7.730752958,-5.390878207,3.405839885,-6.934373353,6.54631766
metal,metal.00091.au,92.28515625,45,0.380150944,0.11601387,2323.715589,2263.839791,5018.869652,0.120087331,-96.63433247,101.7307198,-16.84912371,47.31667123,-27.0927373,28.27867501,-17.20865392,21.65565949,-17.89652405,7.02369865,-14.62077751,15.2233591,-16.01499614,3.48816513,-13.51104664,0.351659221,-9.607676711,2.954548621,-7.069404516,-3.124312848
metal,metal.00093.au,172.265625,83,0.443969441,0.092050292,2644.707345,2267.926389,5176.768697,0.141646536,-104.9624966,80.72258136,-28.54849696,66.81582261,-20.71572857,29.13467864,-9.366392475,22.36794331,-12.05254248,13.60558709,-14.74290188,11.05975745,-15.27995946,5.312949932,-14.50622453,4.757282682,-11.46076113,-0.112010861,-6.508918569,-2.668230476
metal,metal.00047.au,103.359375,50,0.431006722,0.2175387,2908.196854,2286.26515,5405.600646,0.178119482,-1.89796766,72.69534594,-32.7891859,63.59406421,-18.55720405,25.87533628,-13.85279749,18.06568878,-11.94675974,19.65865814,-13.96167129,18.73877135,-11.19024578,7.954804872,-10.28415149,5.30955165,-9.027448435,4.316595886,-5.642725107,8.726417155
metal,metal.00000.au,95.703125,46,0.487799881,0.11614155,3274.342157,2722.316367,6407.227923,0.18307977,-52.90148818,50.08577465,-11.48713097,46.34991199,6.551362818,10.12618534,5.481246309,8.85512825,5.941896337,6.623277886,-4.045888976,9.771427418,-3.117402647,3.659403493,-6.507283767,1.087841324,-4.485400969,4.725540944,-2.755031627,0.505965599
metal,metal.00070.au,117.4538352,52,0.414578447,0.048869666,2742.990787,2450.83525,5626.04098,0.142876687,-197.2156866,74.13224783,-10.7300244,54.7245072,-7.592564022,18.41783028,-18.87919611,11.59722924,-14.56791382,18.41867499,-16.47529682,12.57203082,-10.46839563,12.3577975,-6.255351253,10.49902955,-7.057747663,3.728188046,-3.236754851,0.659449698
metal,metal.00033.au,123.046875,60,0.480055893,0.256827444,2029.736704,1929.303557,4223.182796,0.100007332,-35.72839325,115.4891021,-40.65948248,75.40475994,-12.56551871,21.85413148,1.806860431,15.61827589,-0.184728166,10.24362119,-11.77169092,15.41411133,-12.47523604,4.62560716,-2.473487556,-1.671116658,-0.329050132,-7.774241714,1.001016464,-4.183070126
metal,metal.00050.au,112.3471467,56,0.502429195,0.24905178,2987.164004,2408.746367,5629.032629,0.177513666,16.51879255,71.17402631,-22.34483243,60.28303206,-18.55539239,27.62688588,-12.41526022,16.9557326,-8.736867496,17.86801253,-13.47560619,18.93230158,-11.02932215,9.914275976,-7.37403879,6.743113679,-5.953238527,3.817793434,-6.19389084,7.168470563
metal,metal.00026.au,129.1992188,60,0.484545951,0.138283432,2871.235641,2126.925662,5187.051968,0.198229338,-61.46184707,71.7548861,-46.30221136,75.45922625,-18.53508646,35.97058291,-12.69640707,28.38668141,-9.37374688,14.52412196,-4.278204572,11.87782577,-16.04910605,12.123413,-16.08914501,2.370397265,-8.122854814,-1.42877588,-0.946944351,0.823282364
metal,metal.00006.au,123.046875,56,0.43395973,0.050464112,3237.533909,2573.139782,6229.245666,0.198125408,-140.7572215,55.92145451,-12.29508679,44.32900259,-10.60200626,10.87485586,-0.956625833,22.2453919,-9.384754291,15.24640361,-3.06711946,9.075996466,-8.798242449,8.750060443,-12.11743129,5.550459088,-12.49483864,6.354935415,-3.86083649,4.72947628
metal,metal.00096.au,161.4990234,81,0.518543332,0.188258857,2493.91856,2286.498158,5105.327462,0.128239965,-51.55399354,86.15279863,-20.27419054,59.04638534,-10.88152286,27.5266122,-11.2474352,23.9354307,-11.55456915,13.28527248,-9.012901775,13.90738042,-10.73585782,8.390540363,-7.091220334,8.219553275,-6.177368895,3.807648857,-1.914887891,0.893264075
metal,metal.00005.au,151.9990809,75,0.42252049,0.121785641,2464.470948,2204.25536,4951.478392,0.13437825,-79.62487738,93.47835069,-27.76432787,64.08994136,-18.81692989,23.33478074,-10.54791185,13.37137257,-17.5464492,16.4042601,-10.06064821,8.954432638,-16.0922862,4.291079994,-14.80744202,0.271844741,-8.219497323,3.418718152,-3.724499905,-2.438342729
metal,metal.00034.au,161.4990234,77,0.40692498,0.090518445,2707.499443,2235.037778,5291.984667,0.160912481,-104.6597687,87.73439866,-33.24418236,48.45842066,-28.92247733,22.51829659,-24.99239132,20.5355089,-12.07937869,18.25510308,-15.19093471,10.29638729,-13.89542511,10.28922449,-4.698806558,9.939768177,-5.625998686,4.788623202,-11.68006063,2.959149474
metal,metal.00021.au,107.6660156,52,0.525430687,0.108475886,3046.671497,2324.283446,5735.21532,0.191613354,-76.26525239,61.76721067,-37.12631123,62.44686339,-14.84141113,34.5757561,-11.49451611,30.97267178,-12.28128125,22.32405343,-7.513865935,17.85339226,-11.13071651,10.24182981,-10.79666128,5.162878427,-7.727600889,2.584229164,-3.096883925,2.663955034
metal,metal.00097.au,112.3471467,53,0.491915016,0.186136961,1983.264314,2112.16405,4241.174354,0.086206206,-82.12986405,98.28924851,-16.51620129,68.445904,1.444279364,29.86540256,-5.271630767,24.40125661,-10.47288957,14.40155536,-7.89145934,10.02139529,-8.501376299,6.667921913,-6.29779261,4.437048417,-7.252404095,2.325352509,4.245912862,1.10543032
metal,metal.00069.au,161.4990234,79,0.454049441,0.17364037,1741.097318,2098.495156,4109.891815,0.053791814,-111.618096,111.160813,-10.68232965,69.69453057,-4.920126664,29.84462395,-10.40629361,21.26353756,-6.651207167,20.09724724,-7.240566164,16.24016383,-10.12624228,5.327014173,-3.517402801,1.369372562,-4.710399434,5.645772587,1.510428063,1.880963594
metal,metal.00079.au,123.046875,61,0.472493846,0.127354532,2710.014596,2264.068282,5322.626148,0.143906159,-74.89940847,79.1386852,-40.91082787,54.71561702,-9.681224014,37.25982892,-14.97283886,20.93630313,-17.42576227,16.58418582,-11.0906147,15.4704621,-11.14067288,10.47194601,-6.38241619,5.546655896,-7.289396621,2.913024045,-0.568095079,-2.8346818
metal,metal.00065.au,117.4538352,57,0.469570902,0.095390365,2760.319304,2242.68406,5260.184859,0.171248776,-86.24609975,76.76620996,-42.36393287,54.00723616,-8.337116595,29.41426849,-7.915784139,26.66466916,-14.24036211,18.47038108,-17.95815741,9.875059345,-19.04113728,6.477010123,-8.357154924,4.880437218,-11.7849156,1.666487675,-10.60468401,-3.778447841
rock,rock.00019.au,117.4538352,58,0.435910761,0.112227648,2321.185733,2118.985282,4702.063234,0.128199527,-84.17957902,102.3372086,-41.33240077,47.0208732,-16.94859218,26.23074121,-18.95019017,18.79081883,-21.68356778,11.04520254,-19.23162788,5.228018683,-16.75776396,1.092845838,-9.666018473,1.088415737,-7.537925107,3.236286047,-4.712543703,-0.318535873
rock,rock.00090.au,123.046875,61,0.255691171,0.154710993,2495.737423,2249.869714,5213.168477,0.120642506,-89.02408614,86.20057772,-24.40016581,47.09495977,-33.63550083,29.46335985,-19.73492521,21.63491674,-16.74423014,6.533771888,-13.38857867,7.481488816,-12.85175099,8.588623293,-7.891173157,11.49047699,0.681784046,9.796061387,-2.127681985,0.589408538
rock,rock.00091.au,143.5546875,70,0.443612366,0.108293563,2474.462256,2123.322322,4754.529583,0.150183521,-74.26692728,100.1152807,-47.36616753,49.62064728,-18.41255655,24.61702097,-15.91323505,23.89770186,-22.82989576,23.3380588,-16.94098885,14.93605588,-11.49817626,4.22761978,-13.62619378,4.478210014,-11.6665138,4.325274411,-10.59732284,-0.845948866
rock,rock.00041.au,117.4538352,56,0.402190467,0.160759345,2807.32092,2688.491155,5678.498996,0.148371741,-35.3713263,73.6745653,-20.21072498,17.16527314,14.95001699,10.21065406,7.602244477,1.598168092,4.17685392,0.734849292,-0.388112315,-1.314755682,-2.047161516,2.530268178,3.606460415,-3.538503612,-4.790395958,-2.500227521,-3.977556912,-0.82401953
rock,rock.00028.au,135.9991776,69,0.44279544,0.138849854,2047.007626,2070.341468,4095.933566,0.1019854,-92.60593352,101.8225774,-33.47984131,48.71202735,12.39814282,20.82053713,8.702455594,9.283727948,2.765335057,5.246209292,-9.339110783,-3.48452086,-4.357542773,-4.655082528,-3.968642221,-3.122172674,-7.003293924,-0.39495051,-1.151273113,-6.009001895
rock,rock.00050.au,123.046875,56,0.394540066,0.141322553,1720.555158,2311.955597,3810.018628,0.053289549,-144.9859914,118.4781157,20.53146473,28.5704797,2.354585885,10.08659785,11.91418063,4.855869559,-0.067632662,3.291168899,3.403350541,3.654105312,5.374560818,2.262337696,1.873855187,0.86864391,-1.1807219,0.816806855,1.824811051,1.800665604
rock,rock.00007.au,89.10290948,44,0.359296717,0.15709424,1282.196292,1729.636951,2675.817153,0.047188679,-140.4254929,149.2989983,-10.05733092,38.74587455,1.544877416,20.12280776,-11.32007248,16.28323445,-13.24057771,10.18650152,-9.246528251,4.695918279,-8.369733846,2.277241246,-6.510627565,-1.624936644,-6.49793936,-4.727856452,-2.574812477,-1.786616869
rock,rock.00088.au,92.28515625,44,0.408420686,0.089527741,2591.111736,2078.674826,4889.862098,0.161780957,-117.9856785,84.04553789,-50.27674635,46.06147245,-17.69272951,20.859611,-21.64650877,16.67687714,-12.95467621,12.82596151,-13.10602633,11.29290912,-12.60871352,4.382612027,-12.07645144,0.667924936,-6.791718216,4.467453198,0.239988005,0.437733625
rock,rock.00031.au,117.4538352,57,0.369163969,0.126185715,2638.972291,2512.45945,5302.242938,0.132472366,-89.12444349,81.37974213,-12.57994766,22.79528187,-7.050182766,-0.486548706,2.778269474,-3.426244329,-7.708612184,-0.844574979,-4.886528468,-2.684891436,-5.289600557,-4.601347981,-2.971857814,-2.206926679,-3.565847569,-0.996481957,-0.496028896,-0.96485854
rock,rock.00027.au,151.9990809,75,0.402529166,0.07920479,2669.225602,2440.309176,5445.858736,0.133422096,-123.3294302,74.88332963,-17.06466448,31.6123124,2.544016899,17.33068869,-3.812694061,9.729454326,-7.234512712,11.26680362,0.379872234,3.473367804,1.668363146,-3.159484286,-1.081948813,0.317692431,-5.9882377,-0.320170004,-2.339703375,-4.321176915
rock,rock.00076.au,95.703125,47,0.345615663,0.14588879,1659.791402,1953.527371,3580.761681,0.071206674,-132.3371655,124.6645136,-9.671359595,46.4576399,-6.293424582,30.5526576,-11.14126059,20.41950254,-11.21221913,9.384733545,-5.826239573,7.82911361,-8.733760012,5.624731259,-4.086936744,-0.632242775,-8.120180946,-0.674549656,-7.612610051,-0.205378898
rock,rock.00092.au,129.1992188,65,0.416484701,0.10691309,2471.235787,2102.216351,4687.104991,0.150945043,-70.08735624,94.18275782,-50.32574049,46.96132391,-16.11368801,19.99525382,-23.95780141,16.3446203,-22.1862067,14.43484474,-20.09142468,12.14780215,-14.76765575,4.903812154,-13.62508304,0.829248327,-15.0576971,-1.604236876,-16.08831169,-2.187147135
rock,rock.00087.au,129.1992188,61,0.393009726,0.165778816,2334.723676,2208.278397,4819.854188,0.128580855,-42.64260024,102.9768399,-36.8625957,44.53767456,-11.98500767,25.57023359,-22.67753016,28.34444579,-19.27429859,21.48012184,-15.25670218,11.75507944,-11.57340898,4.778180708,-13.03683604,4.350933236,-11.95699322,0.888440605,-0.477467646,1.299479926
rock,rock.00029.au,123.046875,61,0.418442565,0.180142596,2444.529063,2433.786012,5172.36039,0.111488744,-42.41941614,85.06784354,-7.39053207,40.71600188,-1.012447249,18.93830608,-3.530133032,5.875407832,-5.017300265,4.243502466,-3.182745567,-0.572899202,-0.526697813,2.349327512,-0.362363007,-4.097742411,-3.854179801,-3.914406027,-5.785716971,-4.3317536
rock,rock.00032.au,92.28515625,45,0.383342588,0.222204998,2345.907602,2378.402042,4735.83803,0.115492877,-26.3843335,85.78798758,-16.96328641,35.26156144,10.00026398,10.66788347,1.447031598,4.715184238,-0.040557383,2.075737276,0.423683871,5.42982969,-0.947817275,0.489490649,-1.523221989,-2.460434199,-5.87400374,-1.548139982,-6.820893139,-1.388705635
rock,rock.00005.au,99.38401442,47,0.37677982,0.203784525,1542.20591,1591.92467,2870.199311,0.077019942,-62.34838008,153.770773,-55.11284491,28.01648848,-6.844084646,17.47686105,-22.60334362,18.14162217,-12.58387239,4.493735602,-8.383072017,7.204513833,-2.524918936,4.83407132,-6.27221651,-0.725830867,-2.277203503,-5.243364651,-5.218907296,-6.279708608
rock,rock.00086.au,129.1992188,64,0.390934522,0.076317295,2521.472177,2133.427221,4830.554124,0.146324512,-160.0931566,88.72221242,-35.48522941,47.48960817,-12.61815253,17.30085519,-19.13413188,14.58983839,-20.36768685,11.09612514,-11.13965834,7.69951481,-9.85907646,6.992621506,-10.12828788,3.059625961,-7.949794509,0.701906009,-4.932689571,-2.615138145
rock,rock.00079.au,123.046875,62,0.360034122,0.116751388,2148.474249,2107.224966,4479.46458,0.109116498,-91.35515441,112.1019604,-27.32784407,47.97828457,-19.59312953,27.71711322,-18.54560342,17.42913622,-13.15688659,14.42019272,-15.20480548,11.53214376,-12.57601994,0.899566211,-10.45136363,-0.629812768,-13.48551042,3.309860773,-3.7001963,1.087210069
rock,rock.00089.au,107.6660156,53,0.343350304,0.105238378,1610.278102,1816.22417,3381.487886,0.073293208,-156.2501473,130.7600783,-25.25305618,43.49445839,-12.14857944,25.40597762,-7.949142448,17.62071273,-8.628810542,9.573624998,-8.358802253,5.778144911,-7.041089601,-1.881053057,-7.691828456,3.001449291,-6.443003151,-1.304331818,-7.829961234,-4.153137574
rock,rock.00008.au,172.265625,87,0.408747737,0.260914236,1717.312205,1842.500561,3362.721333,0.084980968,-14.91025361,138.420124,-41.88942762,22.07024399,-18.66063717,31.99463399,-20.36615368,15.68984007,-17.35026823,14.86121717,-8.898566204,12.24799552,-5.81969432,9.968250449,-3.163115838,1.976027684,-6.923685726,3.121398156,-2.987224613,-6.677925398
rock,rock.00080.au,117.4538352,58,0.368646854,0.104369082,2606.248738,2318.698211,5339.309381,0.149680879,-87.97401106,93.5398341,-23.229124,48.13158018,-21.44646119,27.76524386,-20.34166327,18.76041341,-15.22557561,16.13475166,-21.41553478,10.87467682,-12.02007364,5.13002113,-7.298622774,4.658230631,-10.17760132,5.492244594,-4.376045527,0.31305448
rock,rock.00064.au,151.9990809,74,0.374370378,0.107073709,2181.614361,2181.436109,4690.929968,0.106376152,-118.793011,104.4165765,-29.17178623,42.11802878,-13.28838791,29.07265947,-20.88009587,21.61124399,-24.33335881,10.71261285,-15.11057316,5.953347302,-11.78147451,-0.909463761,-11.02639453,-0.200579924,-6.917852685,-1.292600812,-6.313365257,-2.705165696
rock,rock.00078.au,99.38401442,48,0.358033044,0.144444302,1878.740319,2204.944115,4287.182409,0.071730481,-131.0505666,110.9478257,-2.094593123,41.79837981,-3.178040717,34.66402121,-17.58581592,19.86550709,-9.127506409,14.88712624,-6.828686384,9.195827265,-6.963253452,6.3122782,-9.626780415,0.505373056,-12.77469407,-4.904710564,-2.517012576,-3.12529793
rock,rock.00053.au,117.4538352,59,0.409138081,0.190204918,3361.71688,2933.214589,6920.499819,0.187573318,4.092863608,52.61462645,-11.04143367,19.70771803,11.2916091,7.065703358,5.066273909,4.561340253,0.02884662,5.150036718,3.40253541,1.174926123,0.586868492,1.281506335,0.724650742,-0.802085051,-3.005698749,-1.702657588,-1.688244378,-1.291380629
rock,rock.00098.au,73.828125,37,0.362349016,0.083887793,1398.672358,1818.148469,3014.740104,0.048731376,-224.9722989,123.6568895,-9.754534363,56.59506178,10.44333901,20.61194889,-10.25020635,15.56311076,-8.238566793,12.79622783,-9.000729396,7.683082267,-10.07178618,-0.255097297,-5.27648604,-2.816289132,-4.416437883,1.558264845,-5.043121275,-3.585595647
rock,rock.00048.au,129.1992188,64,0.321502152,0.145620704,1646.231604,1700.774929,3183.855748,0.085264791,-93.36223818,137.509955,-45.12622788,37.84361724,-9.437011881,12.60236784,-7.494832354,5.549253272,-3.735768792,-2.014327839,-2.456150743,-9.578189988,-3.175678299,-5.571906864,-7.503885804,-5.674808424,-2.001754564,-3.871058411,-6.215150582,-8.103869161
rock,rock.00009.au,75.99954044,35,0.376626511,0.128266469,1181.54237,1607.877273,2367.952348,0.042540937,-178.5660352,153.9896347,-4.95248771,21.92872993,-2.058787075,23.67986321,-1.291158612,11.55769847,-6.039840395,4.954764285,-2.951425532,5.407375747,-4.119546168,2.982753776,-5.326300804,-8.826267091,-11.07474411,-3.214047205,3.852555813,3.555840172
rock,rock.00085.au,184.5703125,96,0.321796371,0.063030019,2255.932639,2058.091243,4509.114401,0.12098982,-185.4400095,98.93419828,-36.44105024,44.42637762,-17.74332159,21.31276678,-20.29629616,13.78785309,-15.49957862,11.03900916,-16.78461718,2.328695731,-12.63558633,0.155414722,-4.40118886,-2.461114665,-8.987446157,6.860263279,-6.70012278,-1.206909157
rock,rock.00037.au,129.1992188,61,0.451847788,0.113382243,2626.99249,2442.762004,5047.85281,0.146319221,-71.13724016,79.44752901,-20.79236508,30.65845129,5.538899521,3.696969399,4.696233274,7.273723262,-5.485953367,2.490235901,0.837009548,-0.58444641,-1.893595572,-4.786014082,-3.043493931,-3.869663595,-6.899317532,-3.780379422,-4.803624095,-4.804937698
rock,rock.00099.au,123.046875,60,0.358195125,0.05446073,1609.442919,1797.065098,3246.28037,0.076289788,-235.1893639,123.8885517,-22.53618484,52.91551805,-1.436621188,24.65208763,-7.059679208,14.87241639,-12.7682542,16.70441975,-2.940462958,10.06677078,-15.01958788,3.110469174,-7.127753952,1.784515183,-7.070405948,0.023642585,-2.022034671,1.158525253
rock,rock.00036.au,135.9991776,54,0.428379525,0.216747746,2841.898916,2619.210025,5885.356079,0.146175231,-0.431462876,72.64057684,-13.21506527,23.93888521,10.38105802,10.32245591,-4.926258089,14.35472802,-0.674478788,9.92426057,0.70460282,5.227655022,-4.067050742,0.357163938,-0.315376075,-1.358982906,-6.173696809,1.014091374,-3.394476531,1.367402125
rock,rock.00013.au,123.046875,55,0.4405643,0.133781165,1596.48026,2237.776843,3822.99355,0.046099872,-211.2693227,95.72450615,40.65591508,68.34377947,5.332272411,30.94522344,-5.278796019,22.81778514,-1.594980526,17.48766401,-11.49132037,8.734171432,-10.44263911,5.709571078,-7.905525864,3.721279606,-6.618157303,-1.277889646,2.797973358,6.279755377
rock,rock.00042.au,161.4990234,72,0.444196216,0.119012058,2794.378158,2731.99296,5877.581126,0.137648072,-74.17789147,76.74630656,-3.811567822,28.03145747,8.143717737,6.019348875,4.309513291,0.508563273,2.859299554,-0.938822229,-2.346263417,-0.280157967,-1.455679912,-3.60740358,-1.524622965,-1.512284886,-5.017264603,-2.395581245,-2.977481153,-4.951871803
rock,rock.00039.au,143.5546875,71,0.44267712,0.144361719,2559.226624,2731.069976,5447.258728,0.122787617,-50.83894847,86.39490502,-14.41637329,12.84469616,21.70082022,4.239558429,1.738149309,3.707214156,4.695046025,-1.858672981,-1.188855653,-0.007587516,-4.118433832,-5.767883582,-1.069537263,2.29885594,-1.572680931,-3.849164928,-6.14355979,-5.374033566
rock,rock.00082.au,99.38401442,46,0.382453566,0.093335651,2975.97687,2423.245774,5926.697495,0.18373585,-95.44448245,78.31680013,-26.21490602,44.23563481,-22.45506716,29.73386988,-21.56312058,23.95117096,-16.57124568,20.46618634,-19.63836884,13.8798366,-12.61956465,6.245219639,-7.652915563,7.402210012,-9.409118268,9.650029449,-3.771893103,1.067510404
rock,rock.00023.au,73.828125,35,0.294181461,0.135798186,2295.621308,2207.468009,4849.737341,0.115618726,-88.26146436,105.3823233,-24.50312347,41.84263745,-22.36798497,23.72752212,-19.79474647,15.1445379,-27.11037927,13.85707387,-15.20659532,8.935451161,-12.79681158,-1.115528564,-10.0419791,1.780337785,-7.349374295,7.095519709,0.597958434,2.509811173
rock,rock.00016.au,143.5546875,69,0.461504509,0.184547812,2459.371553,2221.408983,5024.161286,0.142842296,-15.54217147,99.92737593,-37.42135725,45.80736524,-20.60467718,25.47151282,-18.48304764,26.35151278,-20.00511508,20.97276477,-13.49454862,10.82706874,-15.38725509,3.536341452,-7.572482044,3.7968917,-7.986312458,6.826614008,-1.930972456,3.783103683
rock,rock.00000.au,123.046875,53,0.387524649,0.129162461,1995.882452,2097.045347,4227.074439,0.090195222,-116.6080289,109.2691512,-23.14790128,40.69125024,-11.89002404,23.15475844,-15.39426342,15.12745369,-13.5236474,12.69485843,-10.88197887,8.506658271,-11.57991935,2.189880115,-6.195774079,2.012122191,-7.948864659,2.085096293,-2.391399222,-1.533827831
rock,rock.00035.au,129.1992188,65,0.457220827,0.124174006,1867.235838,2422.256647,4270.982507,0.056988318,-123.9988752,109.5079928,5.886388337,32.89630667,10.97379532,11.68616255,12.67726055,12.97670459,1.649139318,4.49865956,9.673375736,3.063166987,3.533334616,0.729907951,1.764981256,-0.678046967,-0.033834268,-1.010613294,-5.570284176,-0.849939175
rock,rock.00065.au,123.046875,57,0.395157717,0.114715055,2294.252374,2104.223156,4730.32973,0.12912129,-95.25701721,103.8085123,-37.00791192,52.68722971,-20.75309019,27.56612498,-17.5261547,24.80256374,-11.29177181,16.63512031,-9.240392376,10.17940889,-8.778073337,1.845568265,-3.941335821,2.167970999,-6.688427739,5.102159087,-9.692907795,-3.963059102
rock,rock.00002.au,107.6660156,51,0.436861909,0.14862828,1874.861642,1984.11516,3929.959569,0.076756905,-120.4687003,117.5888373,-27.59070026,42.83073408,-6.745393004,21.65569009,-12.09946081,17.93608573,-10.44219526,12.27697408,-6.55590171,13.52770291,-2.409533456,6.698461814,-3.146175221,5.464842873,-2.244105587,1.051666961,-1.655494787,-0.043241796
rock,rock.00052.au,129.1992188,48,0.340672593,0.113358796,2187.225615,2449.241557,4463.714675,0.088605662,-181.2311552,103.4001075,9.399643324,19.07845815,13.79151609,-0.492976057,4.367136569,-7.608660188,-8.105977829,-0.144304878,-5.159941062,-6.30838714,-5.464636536,-5.975707813,-1.179230775,-2.66727739,-5.183157058,-5.286257891,-5.792836261,-3.718849953
rock,rock.00049.au,112.3471467,46,0.395959398,0.101012416,2077.44331,2333.770032,4495.139485,0.091305192,-142.471163,116.1745218,2.264279622,31.06773205,6.194139427,0.109782887,0.316926237,7.797258581,3.243443822,-3.023692194,1.71003315,0.741695885,0.146415488,-4.417257031,-4.470952991,0.515100814,1.229942699,-0.157953416,-2.612351114,-4.452123695
rock,rock.00003.au,95.703125,46,0.380016504,0.151226103,1421.568971,1902.883344,3042.739934,0.043097245,-156.6029666,130.6865063,-1.457021389,36.2209291,0.388321742,31.98389267,-0.618636033,20.13457614,-11.33895715,13.83778671,-3.768497261,11.53587704,-3.217205458,5.065080279,-1.784673169,3.535590062,-2.447573391,-0.717626583,-1.413265621,0.637623836
rock,rock.00010.au,161.4990234,82,0.398191358,0.153522223,1857.863116,2182.366383,4191.541321,0.071702514,-108.9585613,114.9517853,-5.195615656,46.20489399,-9.129517547,20.51256071,-17.02255782,24.21226449,-8.055298525,13.43537587,-18.37974957,8.585697134,-11.40404932,1.881614544,-10.55255238,-0.261123264,-11.7974012,-6.503724128,-4.305110441,-2.741367667
rock,rock.00056.au,135.9991776,66,0.488447576,0.17575343,3303.877865,2914.142288,6719.401035,0.17756393,-7.830871941,59.50290301,3.670621651,28.99227843,4.151798635,10.2765124,2.537880354,7.584290871,-1.389278676,2.964307275,4.050525581,-0.746662027,1.052334143,-3.048679961,-0.996918545,-0.688971617,-0.68439781,1.530435112,-0.463844553,0.505645234
rock,rock.00021.au,184.5703125,93,0.392897752,0.161538467,2157.822776,2060.259516,4244.324335,0.121603573,-55.29863806,114.435895,-34.06379877,37.97947341,-22.32555467,18.52061816,-18.15116967,13.80269155,-27.79864634,18.15679473,-14.61897357,6.550628616,-8.267242845,-2.256247094,-11.60840687,2.49610459,-10.94615521,0.705372009,-0.678453425,-0.066466092
rock,rock.00070.au,172.265625,81,0.368028668,0.054136992,2512.007842,2245.202379,5130.377311,0.139140882,-202.2004992,75.21964009,-14.218629,66.3196536,-8.289489261,24.37843886,-16.25202255,17.12638326,-21.29005273,3.965534061,-19.75867479,0.48437637,-4.501988198,-5.359022132,-8.969884743,-0.044707051,-8.038882644,-0.51805554,-6.80428995,-8.445806666
rock,rock.00018.au,117.4538352,57,0.480161086,0.140742481,2209.579972,2142.820905,4594.563884,0.115805422,-67.52212413,109.1118359,-32.72360107,45.64961221,-11.68984603,27.48663741,-16.33513773,22.07904505,-15.44778692,19.397059,-11.61397488,11.58440868,-10.511846,4.440151806,-7.00379588,5.031983893,-6.75559477,3.809635953,-2.648980101,-0.05860264
rock,rock.00071.au,112.3471467,55,0.454291832,0.160988897,2025.045157,2215.382497,4571.205692,0.090808219,-79.80908951,109.9232267,-17.11270105,47.17877304,-11.93072659,33.31998881,-11.68700338,23.62502759,-13.65275359,18.44956942,-6.928719622,13.03040619,-11.57969999,9.104020335,-5.953490431,4.914146893,-8.710203583,3.701959874,-5.099720633,2.622136865
rock,rock.00051.au,172.265625,86,0.368837168,0.161725581,3030.39897,3055.334539,6731.700961,0.120808415,-66.32212353,66.78821886,25.18844115,26.30883365,5.303909299,10.46137202,2.474407955,0.753145429,-0.371669015,1.730462139,3.217915747,5.041130301,-1.938340218,-3.073808608,0.385765762,-0.774104509,3.723454268,2.405234272,0.206680682,-1.696351056
rock,rock.00074.au,112.3471467,56,0.394375824,0.153878838,2140.701983,2246.175346,4832.329113,0.091163092,-83.32532974,103.8770816,-13.95204566,56.89685607,-14.43759467,32.19675594,-14.13308988,19.16401008,-9.342545832,13.17192648,-11.71989513,8.419804345,-9.395376589,10.22386832,-4.218189895,5.618925106,-6.390131971,1.801513604,-5.573802488,-0.435541093
rock,rock.00073.au,95.703125,46,0.45869147,0.169405982,2224.295945,2287.96373,4918.495259,0.110058669,-61.62643349,103.5559978,-16.90972661,49.27136479,-14.81433078,31.71270708,-17.21755205,24.63241359,-14.48289444,18.0284061,-11.67231854,11.48557339,-9.818081769,8.861047481,-8.570802852,4.407191961,-8.279531792,1.599246422,-7.026220659,-0.820097696
rock,rock.00077.au,107.6660156,52,0.455257646,0.128754809,2188.26513,2350.84814,4994.2698,0.106276757,-103.9136999,101.8953698,-10.34067551,43.67486149,-11.52131479,26.93073322,-9.990592823,25.01881442,-14.21732608,19.70172696,-10.53503522,12.67318288,-12.68304046,6.85026664,-6.088027165,5.453657099,-6.235964718,-1.455804523,-8.23583366,-3.271882369
rock,rock.00084.au,129.1992188,64,0.356738585,0.106868707,2581.772682,2376.362209,5391.075734,0.139216089,-94.27528668,91.88162144,-17.59007516,45.52607741,-15.69829344,32.6421211,-18.02071347,21.57722526,-15.73342524,16.79705776,-18.30646601,13.3361771,-15.46296702,5.205345127,-11.22463095,6.211576004,-7.95570241,7.708804816,-4.608233707,0.528086246
rock,rock.00068.au,123.046875,61,0.402070586,0.09124472,2467.007318,2398.970714,5402.450665,0.118280086,-121.0665843,91.7462555,-14.70688288,52.97224612,-11.40952047,31.0041061,-17.48993257,24.19981266,-24.77488187,17.11513305,-15.88302015,10.37524228,-8.624223694,7.146639077,-11.83254699,3.175441166,-10.3622525,1.512848563,-10.35264323,-2.481708107
rock,rock.00014.au,117.4538352,57,0.380442487,0.053540587,1935.576765,2007.518622,3983.150914,0.083594355,-256.5581358,103.1621502,-8.459723093,48.59404901,-4.177531192,17.33702989,-6.66513091,17.03821081,-4.596625738,5.318183774,-10.01345031,8.240794173,-6.192267704,3.438438646,-3.646009809,1.694155226,-5.411557713,-3.249126814,-3.86878996,-1.028208529
rock,rock.00061.au,80.74951172,39,0.299721313,0.088378638,2072.220982,2739.51927,4688.438316,0.069091041,-193.6551711,98.4273076,44.08896931,23.79447973,12.57257452,8.465860048,2.175558085,-0.359598824,-8.188568419,-9.115348942,-5.230267291,-4.842922192,-1.374321167,-1.272270982,3.210965785,3.685898417,1.384909965,2.711049641,1.697009838,-1.807093118
rock,rock.00067.au,103.359375,52,0.392779085,0.100192562,2413.974746,2339.057682,5212.185149,0.119919154,-123.6972685,94.74736364,-9.560365493,53.2629325,-13.75218062,17.72403976,-19.20763734,25.29439301,-18.70065616,15.38275952,-12.5096588,9.367489963,-11.59906984,0.663903987,-6.991858638,3.360837086,-7.140664912,0.50901697,-8.740983991,-1.467419016
rock,rock.00062.au,123.046875,61,0.31969914,0.060457341,2947.489724,3203.246228,6983.766103,0.108570016,-212.3331015,65.72542852,45.21048211,19.76180679,11.82596462,8.068434173,4.432140931,4.211850858,-2.320245772,-2.187637758,-1.637003801,-4.658072212,-3.728278594,-6.778231186,-3.00183747,-6.522388622,-10.9261484,-3.390961695,-1.203982698,-3.115450389
rock,rock.00097.au,129.1992188,63,0.432103447,0.081616685,2077.190361,1926.989678,4030.767293,0.121824282,-125.0313128,115.1949654,-47.99350598,52.83453202,-13.48097706,21.75563517,-12.41875545,20.13063135,-18.36184119,10.11332716,-16.04891591,10.4819607,-17.95191666,1.21111322,-11.53486297,1.844773032,-12.84790153,3.44742391,-12.59417751,-2.107002555
rock,rock.00015.au,135.9991776,67,0.343654652,0.082328506,2336.147977,2099.296471,4501.456114,0.114201501,-174.9244134,90.88700629,-18.70000497,41.62780328,-8.881042733,9.101367848,-12.46401307,13.12407943,-9.697370213,4.345054757,-13.48465958,6.745464716,-10.38724667,7.149800923,-5.795861999,0.804736661,-8.136756839,-5.714880533,-3.366213638,-0.425919321
rock,rock.00034.au,135.9991776,64,0.421081799,0.191175088,2789.712144,2648.716877,5836.16471,0.135007876,-28.06182641,65.63166756,-7.352338861,33.59366352,11.07284847,14.76089174,2.197583003,10.0652002,-0.329750346,10.13597409,-2.750565099,3.189334951,-1.685570467,-0.161784777,-1.691113412,1.850429841,-3.969524494,-1.626861752,-6.389011037,-3.863663307
rock,rock.00054.au,107.6660156,53,0.346682186,0.065504506,2632.695048,2550.454193,5310.709554,0.132433062,-156.2084574,75.61132902,-16.50952397,16.34218867,5.82245568,6.022743457,-4.129111968,-3.755710066,-6.168183595,-8.927162259,-4.096210213,-2.213438209,-4.643325617,-5.409220045,-4.687138081,-7.082284893,-3.89062618,1.38699328,-2.007640151,-4.728465735
rock,rock.00060.au,89.10290948,42,0.405458933,0.103341587,2797.268925,2891.819125,6205.320811,0.134676056,-82.63826098,83.48916546,-0.57321278,10.48625687,10.41834512,7.070031208,5.078033054,0.08196099,-0.207158291,-0.933076634,-0.096215027,-1.702586973,-1.027843174,0.174024408,2.397083818,-0.44955422,0.850185177,-1.850840127,-4.514700153,-3.205445753
rock,rock.00072.au,103.359375,50,0.403287041,0.165523589,1933.518476,2211.281522,4359.90697,0.081728531,-95.30787772,112.4464908,-2.083333605,47.05078792,-10.37927158,29.78855039,-15.11368539,20.19580482,-12.67433972,16.49600612,-7.862924915,11.87456399,-11.19117662,8.87677467,-4.945703609,0.924623385,-6.10656626,3.237717467,-8.072704617,0.733369607
rock,rock.00025.au,103.359375,51,0.415029085,0.149181068,2510.520442,2115.355161,4735.604698,0.157890202,-47.02471179,95.7508332,-43.92480304,52.07149003,-22.54286091,20.85596704,-18.67445594,19.24934473,-21.25194856,21.88688316,-19.21547236,9.449388289,-12.58169932,3.884247853,-8.495302193,6.272059455,-9.125412498,2.685425229,-2.443867104,-1.882207505
rock,rock.00055.au,129.1992188,65,0.431614747,0.147241294,1711.18639,2248.251429,3614.611476,0.066574427,-91.87223194,130.0073132,1.78945573,11.65816419,3.22791402,-1.967740039,-2.212233166,-0.858959546,-4.338129605,-3.546794215,-1.554037856,-0.546759463,0.405704938,-1.650665928,-4.57073721,-2.974663645,-4.280896773,-2.687636384,-3.550073364,-1.451699302
rock,rock.00012.au,112.3471467,54,0.338827481,0.075926058,1863.012507,2067.236439,3985.075903,0.068190064,-204.6256552,107.0029655,-10.19518765,45.56054024,3.036117417,24.00788083,-7.498964705,20.06255445,-5.165000915,8.746326234,-10.10062448,4.365457251,-6.955936255,4.695551887,-8.22162884,-0.827801232,-9.629751122,-7.396584954,-9.439757763,-3.140062284
rock,rock.00063.au,75.99954044,38,0.329664349,0.053112,1711.422828,2309.491916,3492.603881,0.055834507,-302.8058255,116.2074295,44.74116875,25.96944961,18.73064152,7.564470056,7.331211546,4.038481388,-4.186141737,0.867146349,0.927805577,2.815079361,1.411769109,-3.48158717,-0.90525585,0.575454595,-0.816731565,-2.373331871,0.376375591,-1.867317841
rock,rock.00046.au,103.359375,50,0.361309398,0.12068069,2428.477653,2501.827204,5034.036227,0.118165196,-83.06620186,91.52566996,-13.69526974,16.14110199,10.33583924,5.530571002,-9.450293451,-6.614790232,-3.029413876,4.942272744,2.647867414,1.055379836,-3.667918313,-1.606793312,-4.427154353,-1.858032672,2.009701494,-1.024852394,-3.179022698,-2.293585771
rock,rock.00069.au,172.265625,81,0.311455917,0.047028046,2569.078477,2345.373666,5365.900886,0.137689644,-203.2878231,85.37247842,-11.55741921,54.7731022,-11.59433167,20.57173394,-27.76117518,18.87259911,-31.65305933,10.69551416,-11.92730719,4.118082539,-3.996206391,1.731137242,-7.900782858,4.329560837,-11.23527154,-1.194090805,-5.030650914,-2.364189882
rock,rock.00044.au,92.28515625,44,0.311549019,0.144370109,1651.93342,2104.035579,3456.345767,0.068929666,-118.3530434,130.2432398,-3.079490533,15.73811118,3.941350358,10.66988281,6.834567467,3.385802791,0.756635199,-2.541403686,-3.101485488,-2.856707249,-1.615533507,-0.204495609,0.730593158,2.011087735,2.075594762,4.156058456,3.158419785,2.257767378
rock,rock.00095.au,103.359375,49,0.351990685,0.079469152,2008.581132,2106.617024,4254.215942,0.089266656,-153.6323035,109.8572578,-23.08570743,59.04067697,-7.490498665,19.73121505,-16.48126802,18.07842025,-22.20901402,15.40250244,-12.38028258,12.35081615,-12.30627083,5.780973439,-10.27992378,1.791488627,-13.3042098,2.473192637,-6.717573489,-1.189238049
rock,rock.00040.au,112.3471467,53,0.416113559,0.142875805,3009.861817,2777.947295,6130.754595,0.144744401,-65.9522404,61.28309582,-1.930622266,35.32355984,9.318424515,7.56609951,3.414524063,2.978564422,4.616413453,2.919150954,1.776439115,-0.391865826,-5.753967902,-3.482773282,-3.681977879,-5.717241433,-3.953191408,-3.085843907,-2.724306289,-0.909181102
rock,rock.00026.au,112.3471467,54,0.383127579,0.152745351,2263.527553,2150.424053,4603.730495,0.122938788,-58.93607412,106.5605871,-31.79082523,47.91589358,-17.42702994,27.75254546,-14.03228293,22.41587389,-20.55808742,19.56604095,-14.58270317,10.18390751,-10.93920699,4.524115956,-9.729026897,4.613175571,-10.11453637,1.459980872,-2.999176586,-0.61738091
rock,rock.00096.au,117.4538352,50,0.398652652,0.076451674,2006.051164,2068.327905,4147.374921,0.097658895,-142.4242172,116.2197795,-32.17707698,49.12297441,-8.375371007,22.86904396,-18.31154928,20.09107689,-22.10039543,10.80034296,-12.98249463,14.0653463,-16.39469347,4.152589302,-4.350760372,3.736455337,-10.845639,1.875218263,-7.459579465,-2.802676947
rock,rock.00094.au,112.3471467,55,0.38916468,0.10197857,2629.346944,2210.63768,5086.735908,0.146704706,-90.18483614,80.04229476,-46.36546195,56.04448382,-8.090158992,27.48391968,-17.32367189,22.96337633,-17.60264337,18.39828616,-17.43835688,7.653447974,-19.2952815,1.188614858,-14.48100711,4.515448057,-12.76193619,2.995412994,-6.415999374,2.251965406
rock,rock.00093.au,103.359375,51,0.343540703,0.105791852,1939.946102,1881.661336,3749.160663,0.098366374,-114.7219133,119.2845781,-50.72876839,42.62472623,-6.709196477,19.70861754,-16.88854705,19.38883749,-17.41344805,17.31170739,-10.86388959,6.667674769,-15.75348655,3.553096885,-7.762053268,3.381966936,-7.690001646,1.620357566,-10.70593995,-0.541697675
rock,rock.00033.au,117.4538352,57,0.323506588,0.127883598,1673.288364,1947.27806,3429.595928,0.074886546,-119.1093039,128.9492961,-17.86758909,29.19022437,2.707236167,8.011384439,-7.062607115,3.887454263,-1.509662994,-3.983351654,-7.043679123,-2.863609704,-4.174834883,-1.850882252,-2.948268924,-2.24805191,-0.565478146,-0.096274675,-2.794109651,-2.627427505
rock,rock.00045.au,151.9990809,70,0.361250071,0.097026728,1561.095692,1568.306848,3242.738725,0.078965131,-172.6072183,142.8136107,-55.81937765,79.35620906,-1.873645211,4.830161579,0.236851619,-11.50817649,-0.273975965,-9.374865804,-7.657906907,-11.24769926,-5.668375611,-11.29097789,-7.678793669,-4.271889185,-11.27946886,-7.820528558,-7.719026899,-8.152873377
rock,rock.00030.au,117.4538352,58,0.390469885,0.096508741,2944.965888,2831.604536,6334.595029,0.11496,-131.4145568,67.72156069,32.90319875,34.59252034,-3.256851247,21.88488318,-5.811784126,10.23914206,-7.059129242,2.294680398,-4.370033825,-3.330884585,-6.280546617,-0.229388367,-1.972572568,-1.891688381,-0.878692637,0.952147185,-1.538308793,-1.170599118
rock,rock.00020.au,99.38401442,47,0.398054632,0.152506709,2188.376105,2120.348371,4433.073194,0.117589614,-56.91215426,115.1957586,-30.43373168,37.19558258,-21.98031962,21.8645174,-19.75745101,14.99308474,-24.0647681,17.78312763,-17.26830136,6.744222975,-10.74341253,0.814010789,-10.16129701,3.680639435,-8.554655014,-0.911824926,-2.523440617,-1.976841592
rock,rock.00038.au,135.9991776,59,0.411539125,0.219386637,2794.957194,2633.944002,5862.414551,0.140550171,-15.90069642,67.15052544,-20.12392689,15.57563142,4.801239435,10.82636938,5.956949574,11.79601037,-0.398126092,5.65312307,0.113588015,1.096384199,-1.73996114,5.707215548,-0.592024745,1.724952917,-1.576261093,1.581884708,0.414774936,2.936303846
rock,rock.00024.au,73.828125,33,0.405077281,0.15660052,2320.615817,2045.001158,4467.031322,0.143449246,-52.46641122,99.68877407,-47.38066963,47.01727443,-21.01753966,22.88500982,-18.27708532,13.88572922,-23.43799885,13.50078933,-18.66018326,5.701709104,-12.88585869,1.191492673,-12.41324904,0.367438665,-9.147175203,1.585240092,-4.120022147,0.308322104
rock,rock.00059.au,117.4538352,56,0.339462568,0.051207516,2424.577417,2927.316974,5644.765867,0.086567504,-219.1459531,94.36339223,42.79873058,16.12098396,9.53159744,12.91899792,7.721612177,2.394130955,-1.026799057,-1.956575569,-1.971904127,3.158975226,-0.891816554,-6.864435053,-5.067191858,-4.016192374,-5.598432283,-4.991980194,-2.516323684,-4.298636697
rock,rock.00011.au,117.4538352,55,0.343200306,0.123423643,1537.113369,2037.209163,3415.396014,0.054334139,-169.6984516,119.0957798,7.18949282,53.41173936,4.154512172,23.12127794,-5.702519461,24.98401728,-9.315471407,13.46615572,-14.27366486,5.946441411,-13.59173036,0.765029662,-10.46550909,0.074961507,-4.373176141,1.173224011,0.490876189,-5.829283135
rock,rock.00047.au,107.6660156,49,0.461370917,0.138950855,2998.527615,2691.400361,5963.36394,0.156303666,-58.26127529,62.49381608,-12.66544763,31.93029182,8.114794777,2.257614384,3.905424222,1.448895951,-2.721421921,1.097479519,-0.461929567,-2.386534566,1.236415257,-1.503857983,-0.470299125,1.040865914,-2.070686112,-1.507645677,-3.204258082,-5.055837722
rock,rock.00001.au,151.9990809,66,0.36552483,0.180543154,1529.345464,1845.423388,3271.66355,0.054981527,-111.1363012,134.1594817,-24.64795564,41.54462273,-3.057123659,28.48307221,-10.57167623,14.92167664,-14.38482649,8.840185969,-4.542452758,9.939369146,-4.665001341,3.626333564,-5.541119375,3.364801103,-4.94252097,-1.472866656,0.100885259,-5.332558739
rock,rock.00083.au,123.046875,60,0.378724147,0.101712942,2116.115588,2245.391698,4689.696642,0.092801026,-119.1484576,107.4255234,-10.96533794,58.54908896,-12.91345031,26.8250876,-17.62854687,19.36302462,-15.59636583,13.55649048,-16.6676086,11.86111424,-12.17757227,5.230793663,-6.164438381,4.245323608,-8.04223613,3.521798324,-7.679827112,-1.352536418
rock,rock.00057.au,123.046875,62,0.390089332,0.122628249,3489.009117,3241.742261,7660.553678,0.175102872,-58.57587932,64.89054487,15.93761302,5.448825234,7.535947052,9.884033395,1.592923009,5.347609183,-1.237707736,-2.031660775,2.442936571,-0.725303784,-0.31813381,-1.482422384,3.29913428,3.647732602,-2.51193736,-1.169254443,-2.308449246,-2.213437888
rock,rock.00043.au,89.10290948,42,0.42029465,0.1398938,2740.046298,2541.912559,5327.184454,0.144028985,-62.05173425,75.85051138,-26.75371062,18.27982386,2.449163005,5.82189945,11.58180943,0.011146616,8.696652956,5.510596132,-0.254637167,2.398892862,-1.743249742,-3.175302029,2.001193803,-1.410830963,-5.526444566,-2.528211528,0.62017889,-1.403986845
rock,rock.00058.au,135.9991776,68,0.301092021,0.087487824,2437.399429,2789.821383,5497.725089,0.09894309,-141.9848903,96.99731797,23.24179958,10.45382986,6.287103367,4.962249821,1.078781051,1.09258625,-4.842628827,0.877949128,-3.462778455,-2.016179209,-5.892612456,-6.021554248,-2.120563667,-6.166339748,-0.32677394,5.096092065,0.124512792,1.674480817
rock,rock.00022.au,198.7680288,98,0.415836626,0.173933476,2342.30491,2112.831477,4594.505551,0.138488958,-34.59339716,106.5049886,-41.07244777,33.66570485,-27.2302413,21.39523158,-21.31070599,14.01141781,-27.7676742,16.06672883,-18.81903628,5.64996322,-14.29208082,0.81136991,-10.53475592,4.439328986,-7.461358059,2.072583137,-2.90231131,-0.370055873
rock,rock.00075.au,117.4538352,59,0.408571727,0.126917005,2301.761135,2355.225614,5092.235875,0.111545433,-113.6684234,94.92515158,-4.106269954,51.77123838,-13.76548706,34.32343706,-17.58653436,22.5407078,-12.39250152,17.19508992,-9.226845633,9.968234966,-13.46730206,7.566163197,-7.262603757,3.633976536,-8.458357039,0.392574884,-9.224972701,-0.279238782
rock,rock.00017.au,123.046875,59,0.418811557,0.166055709,2312.03007,2060.825761,4528.197619,0.140587585,-41.40202274,105.4030119,-43.94553787,54.1003952,-18.41108951,23.52083835,-17.60798846,20.66072653,-18.45438106,17.47577026,-15.17425914,11.3031003,-14.15556633,2.8241566,-9.477822297,3.331261481,-8.200087854,3.693090513,-3.673561578,-0.163200688
rock,rock.00081.au,117.4538352,56,0.335774446,0.093675658,2553.856706,2219.090892,5123.752351,0.136173402,-121.4107914,89.52228255,-33.49707251,41.97474536,-25.93636064,23.0260818,-20.27153838,14.35442925,-16.35070723,17.03946186,-16.95708579,9.149519566,-10.11205353,4.211237198,-9.349345473,1.609700575,-10.55356596,1.066489032,-1.65487461,7.544223657
rock,rock.00004.au,103.359375,45,0.37283411,0.208742827,1345.850763,1841.748033,2939.26556,0.041099147,-127.9468758,134.4438785,1.027332175,54.44097915,-0.464905562,35.82954213,-10.860896,16.38327812,-10.0309605,6.602061244,-6.700004471,11.04371419,-8.385375175,2.111018987,-6.338260457,0.99738284,-5.32586918,-0.842191566,-4.665995666,-4.787676849
rock,rock.00006.au,112.3471467,45,0.344472072,0.180163026,1675.475369,1653.42286,3253.563659,0.087294257,-98.35632183,136.6115733,-46.70057371,46.45730012,-17.13558486,10.50528559,-14.55487108,16.54310826,-12.31791258,3.689543129,-12.64754953,2.945863318,-12.50921157,0.09133677,-0.774780448,-5.700101907,-8.630916033,-1.903803079,-2.196752622,-3.395148169
rock,rock.00066.au,75.99954044,36,0.360098226,0.042994872,2209.357588,2175.214294,4575.588999,0.107147122,-245.1609212,95.08981269,-21.22801351,45.65872902,-3.556667373,14.97628308,-20.65951914,19.52980376,-21.70156802,7.328369063,-9.282355834,0.813777047,-13.0183595,0.053167959,-8.232850899,1.059255297,-8.031863861,-0.397097236,-4.349921224,-4.220998481